<?xml version="1.0" encoding="ISO-8859-1" ?>
<!DOCTYPE map_generation-mc2 SYSTEM "map_generation-mc2.dtd">

<map_generation-mc2>
   <create_overviewmap overview_ident = "east_world">

      <map map_ident = "denmark"/>
      <map map_ident = "sweden"/>
      <map map_ident = "france"/>
      <map map_ident = "germany"/>
      <map map_ident = "monaco"/>
      <map map_ident = "andorra"/>
      <map map_ident = "spain"/>
      <map map_ident = "portugal"/>
      <map map_ident = "italy"/>
      <map map_ident = "austria"/>
      <map map_ident = "switzerland"/>
      <map map_ident = "liechtenstein"/>

      <!--This is the UK, sweet child has many different names... -->
      <map map_ident = "great_britain"/>

      <map map_ident = "ireland"/>
      <map map_ident = "netherlands"/>
      <map map_ident = "belgium"/>
      <map map_ident = "luxembourg"/>
      <map map_ident = "norway"/>
      <map map_ident = "finland"/>
      <map map_ident = "hungary"/>
      <map map_ident = "czech_republic"/>
      <map map_ident = "poland"/>
      <map map_ident = "greece"/>
      <map map_ident = "slovakia"/>
      <map map_ident = "russia"/>
      <map map_ident = "turkey"/>
      <map map_ident = "slovenia"/>
      <map map_ident = "croatia"/>
      <map map_ident = "romania"/>
      <map map_ident = "uae"/>

      <map map_ident = "singapore"/>
      <map map_ident = "hong_kong"/>

      <map map_ident = "faeroe_islands"/>
      <map map_ident = "iceland"/>
      <map map_ident = "albania"/>
      <map map_ident = "malta"/>
      <map map_ident = "cyprus"/>
      <map map_ident = "lithuania"/>
      <map map_ident = "latvia"/>
      <map map_ident = "estonia"/>
      <map map_ident = "moldova"/>
      <map map_ident = "armenia"/>
      <map map_ident = "belarus"/>
      <map map_ident = "ukraine"/>
      <map map_ident = "serbia_montenegro"/>
      <map map_ident = "bosnia"/>
      <map map_ident = "macedonia"/>
      <map map_ident = "svalbard_and_jan_mayen"/>
      <map map_ident = "azerbaijan"/>
      <map map_ident = "georgia_country"/>
 
      <map map_ident = "taiwan"/>
      <map map_ident = "malaysia"/>

      <map map_ident = "greenland"/>
      <map map_ident = "bulgaria"/>
      <map map_ident = "egypt"/>
      <map map_ident = "south_africa"/>
      <map map_ident = "australia"/>
      <map map_ident = "indonesia"/>
      <map map_ident = "philippines"/>
      <map map_ident = "new_zealand"/>
      <map map_ident = "thailand"/>
      <map map_ident = "japan"/>
      <map map_ident = "south_korea"/>
      <map map_ident = "vietnam"/>
      <map map_ident = "china"/>
      <map map_ident = "india"/>
      <map map_ident = "pakistan"/>
      <map map_ident = "afghanistan"/>
      <map map_ident = "sri_lanka"/>
      <map map_ident = "myanmar"/>
      <map map_ident = "iran"/>
      <map map_ident = "united_states_minor_outlying_islands"/>
      <map map_ident = "northern_mariana_islands"/>
      <map map_ident = "morocco"/>
      <map map_ident = "algeria"/>
      <map map_ident = "tunisia"/>
      <map map_ident = "libya"/>
      <map map_ident = "gambia"/>
      <map map_ident = "senegal"/>
      <map map_ident = "mauritania"/>
      <map map_ident = "mali"/>
      <map map_ident = "guinea"/>
      <map map_ident = "ivory_coast"/>
      <map map_ident = "burkina_faso"/>
      <map map_ident = "niger"/>
      <map map_ident = "togo"/>
      <map map_ident = "benin"/>
      <map map_ident = "mauritius"/>
      <map map_ident = "liberia"/>
      <map map_ident = "sierra_leone"/>
      <map map_ident = "ghana"/>
      <map map_ident = "nigeria"/>
      <map map_ident = "chad"/>
      <map map_ident = "central_african_republic"/>
      <map map_ident = "cameroon"/>
      <map map_ident = "cape_verde"/>
      <map map_ident = "sao_tome_and_principe"/>
      <map map_ident = "equatorial_guinea"/>
      <map map_ident = "gabon"/>
      <map map_ident = "congo"/>
      <map map_ident = "dr_congo"/>
      <map map_ident = "angola"/>
      <map map_ident = "guinea_bissau"/>
      <map map_ident = "seychelles"/>
      <map map_ident = "sudan"/>
      <map map_ident = "rwanda"/>
      <map map_ident = "ethiopia"/>
      <map map_ident = "somalia"/>
      <map map_ident = "djibouti"/>
      <map map_ident = "kenya"/>
      <map map_ident = "tanzania"/>
      <map map_ident = "uganda"/>
      <map map_ident = "burundi"/>
      <map map_ident = "mozambique"/>
      <map map_ident = "zambia"/>
      <map map_ident = "madagascar"/>
      <map map_ident = "reunion"/>
      <map map_ident = "zimbabwe"/>
      <map map_ident = "namibia"/>
      <map map_ident = "malawi"/>
      <map map_ident = "lesotho"/>
      <map map_ident = "botswana"/>
      <map map_ident = "swaziland"/>
      <map map_ident = "comoros"/>
      <map map_ident = "mayotte"/>
      <map map_ident = "saint_helena"/>
      <map map_ident = "eritrea"/>
      <map map_ident = "timor_leste"/>
      <map map_ident = "guam"/>
      <map map_ident = "antarctica"/>
      <map map_ident = "brunei_darussalam"/>
      <map map_ident = "nauru"/>
      <map map_ident = "papua_new_guinea"/>
      <map map_ident = "tonga"/>
      <map map_ident = "solomon_islands"/>
      <map map_ident = "vanuatu"/>
      <map map_ident = "fiji"/>
      <map map_ident = "palau"/>
      <map map_ident = "wallis_and_futuna_islands"/>
      <map map_ident = "kiribati"/>
      <map map_ident = "new_caledonia"/>
      <map map_ident = "tuvalu"/>
      <map map_ident = "micronesia"/>
      <map map_ident = "marshall_islands"/>
      <map map_ident = "western_sahara"/>
      <map map_ident = "north_korea"/>
      <map map_ident = "macao"/>
      <map map_ident = "cambodia"/>
      <map map_ident = "laos"/>
      <map map_ident = "bangladesh"/>
      <map map_ident = "maldives"/>
      <map map_ident = "lebanon"/>
      <map map_ident = "jordan"/>
      <map map_ident = "syria"/>
      <map map_ident = "iraq"/>
      <map map_ident = "kuwait"/>
      <map map_ident = "saudi_arabia"/>
      <map map_ident = "yemen"/>
      <map map_ident = "oman"/>
      <map map_ident = "occupied_palestinian_territory"/>
      <map map_ident = "israel"/>
      <map map_ident = "bahrain"/>
      <map map_ident = "qatar"/>
      <map map_ident = "bhutan"/>
      <map map_ident = "mongolia"/>
      <map map_ident = "nepal"/>
      <map map_ident = "tajikistan"/>
      <map map_ident = "turkmenistan"/>
      <map map_ident = "kyrgyzstan"/>
      <map map_ident = "kazakhstan"/>
      <map map_ident = "uzbekistan"/>
      
   </create_overviewmap>
</map_generation-mc2>
