<?xml version="1.0"  encoding="UTF-8"?>
<!DOCTYPE map_generation-mc2 SYSTEM "map_generation-mc2.dtd">

<map_generation-mc2>
   <add_region type="country" region_ident="denmark">
      <name language="czech" type="officialName">Dánsko</name>
      <name language="danish" type="officialName">Danmark</name>
      <name language="german" type="officialName">Dänemark</name>
      <name language="greek" type="officialName">Δανία</name>
      <name language="english" type="officialName">Denmark</name>
      <name language="spanish" type="officialName">Dinamarca</name>
      <name language="finnish" type="officialName">Tanska</name>
      <name language="french" type="officialName">Danemark</name>
      <name language="hungarian" type="officialName">Dánia</name>
      <name language="italian" type="officialName">Danimarca</name>
      <name language="dutch" type="officialName">Denemarken</name>
      <name language="norwegian" type="officialName">Danmark</name>
      <name language="polish" type="officialName">Dania</name>
      <name language="portuguese" type="officialName">Dinamarca</name>
      <name language="russian" type="officialName">Дания</name>
      <name language="slovenian" type="officialName">Danska</name>
      <name language="swedish" type="officialName">Danmark</name>
      <name language="turkish" type="officialName">Danimarka</name>
      <name language="chinese" type="officialName">丹麦</name>
      <name language="chinese_traditional" type="officialName">丹麥</name>

      <content map_ident="denmark">
         <whole_map/>
      </content>
   </add_region> 
</map_generation-mc2>


