<?xml version="1.0"  encoding="UTF-8"?>
<!DOCTYPE map_generation-mc2 SYSTEM "map_generation-mc2.dtd">

<map_generation-mc2>
   <add_region type="country" region_ident="france">
      <name language="czech" type="officialName">Francie</name>
      <name language="danish" type="officialName">Frankrig</name>
      <name language="german" type="officialName">Frankreich</name>
      <name language="greek" type="officialName">Γαλλία</name>
      <name language="english" type="officialName">France</name>
      <name language="spanish" type="officialName">Francia</name>
      <name language="finnish" type="officialName">Ranska</name>
      <name language="french" type="officialName">France</name>
      <name language="hungarian" type="officialName">Franciaország</name>
      <name language="italian" type="officialName">Francia</name>
      <name language="dutch" type="officialName">Frankrijk</name>
      <name language="norwegian" type="officialName">Frankrike</name>
      <name language="polish" type="officialName">Francja</name>
      <name language="portuguese" type="officialName">França</name>
      <name language="russian" type="officialName">Франция</name>
      <name language="slovenian" type="officialName">Francija</name>
      <name language="swedish" type="officialName">Frankrike</name>
      <name language="turkish" type="officialName">Fransa</name>
      <name language="chinese" type="officialName">法国</name>
      <name language="chinese_traditional" type="officialName">法國</name>

      <content map_ident="france">
         <whole_map/>
      </content>
   </add_region> 
</map_generation-mc2>


