<?xml version="1.0"  encoding="UTF-8"?>
<!DOCTYPE map_generation-mc2 SYSTEM "map_generation-mc2.dtd">

<map_generation-mc2>
   <add_region type="country" region_ident="sweden">
      <name language="czech" type="officialName">Švédsko</name>
      <name language="danish" type="officialName">Sverige</name>
      <name language="german" type="officialName">Schweden</name>
      <name language="greek" type="officialName">Σουηδία</name>
      <name language="english" type="officialName">Sweden</name>
      <name language="spanish" type="officialName">Suecia</name>
      <name language="finnish" type="officialName">Ruotsi</name>
      <name language="french" type="officialName">Suède</name>
      <name language="hungarian" type="officialName">Svédország</name>
      <name language="italian" type="officialName">Svezia</name>
      <name language="dutch" type="officialName">Zweden</name>
      <name language="norwegian" type="officialName">Sverige</name>
      <name language="polish" type="officialName">Szwecja</name>
      <name language="portuguese" type="officialName">Suécia</name>
      <name language="russian" type="officialName">Швеция</name>
      <name language="slovenian" type="officialName">Švedska</name>
      <name language="swedish" type="officialName">Sverige</name>
      <name language="turkish" type="officialName">İsveç</name>
      <name language="chinese" type="officialName">瑞典</name>
      <name language="chinese_traditional" type="officialName">瑞典</name>

      <content map_ident="sweden">
         <whole_map/>
      </content>
   </add_region> 
</map_generation-mc2>


